{"cameraMode":{"drawMode":0,"name":"Shaded","section":"Shading Mode"},"sceneLighting":false,"audioPlay":false,"sceneViewState":{"showFog":true,"showMaterialUpdate":false,"showSkybox":false,"showFlares":true,"showImageEffects":true,"showParticleSystems":true},"in2DMode":false,"pivot":{"x":-6.737092971801758,"y":-2.498027801513672,"z":-2.33255934715271},"rotation":{"x":-0.670566976070404,"y":0.00578327989205718,"z":-0.005228046793490648,"w":-0.7418084740638733},"size":3.324744939804077,"orthographic":false}