{"cameraMode":{"drawMode":0,"name":"Shaded","section":"Shading Mode"},"sceneLighting":true,"audioPlay":false,"sceneViewState":{"showFog":true,"showMaterialUpdate":false,"showSkybox":false,"showFlares":true,"showImageEffects":true,"showParticleSystems":true},"in2DMode":false,"pivot":{"x":0.033748626708984378,"y":4.615876197814941,"z":2.7631759643554689},"rotation":{"x":-0.6860103011131287,"y":-0.003058727364987135,"z":0.002883806126192212,"w":-0.7275793552398682},"size":17.810678482055665,"orthographic":false}