{"cameraMode":{"drawMode":0,"name":"Shaded","section":"Shading Mode"},"sceneLighting":false,"audioPlay":false,"sceneViewState":{"showFog":true,"showMaterialUpdate":false,"showSkybox":false,"showFlares":true,"showImageEffects":true,"showParticleSystems":true},"in2DMode":false,"pivot":{"x":-136.47219848632813,"y":96.08707427978516,"z":457.3343505859375},"rotation":{"x":-0.6860103011131287,"y":-0.003058727364987135,"z":0.002883806126192212,"w":-0.7275793552398682},"size":10.0,"orthographic":false}