{"cameraMode":{"drawMode":0,"name":"Shaded","section":"Shading Mode"},"sceneLighting":true,"audioPlay":false,"sceneViewState":{"showFog":true,"showMaterialUpdate":false,"showSkybox":true,"showFlares":true,"showImageEffects":true,"showParticleSystems":true},"in2DMode":false,"pivot":{"x":6.985750675201416,"y":-30.29452896118164,"z":23.954668045043947},"rotation":{"x":-0.6860103011131287,"y":-0.003058727364987135,"z":0.002883806126192212,"w":-0.7275793552398682},"size":38.0410041809082,"orthographic":false}