{"cameraMode":{"drawMode":0,"name":"Shaded","section":"Shading Mode"},"sceneLighting":false,"audioPlay":false,"sceneViewState":{"showFog":true,"showMaterialUpdate":false,"showSkybox":false,"showFlares":true,"showImageEffects":true,"showParticleSystems":true},"in2DMode":false,"pivot":{"x":4.400506019592285,"y":1.3841361999511719,"z":6.491676330566406},"rotation":{"x":-0.552172839641571,"y":0.02674967423081398,"z":-0.017729254439473153,"w":-0.8331116437911987},"size":2.36602520942688,"orthographic":false}