{"cameraMode":{"drawMode":0,"name":"Shaded","section":"Shading Mode"},"sceneLighting":false,"audioPlay":false,"sceneViewState":{"showFog":true,"showMaterialUpdate":false,"showSkybox":false,"showFlares":true,"showImageEffects":true,"showParticleSystems":true},"in2DMode":false,"pivot":{"x":-6.737092971801758,"y":-2.498027801513672,"z":-2.33255934715271},"rotation":{"x":-0.6796671152114868,"y":-0.0017627151682972909,"z":0.0016328532947227359,"w":-0.7335196137428284},"size":3.024744987487793,"orthographic":false}