{"cameraMode":{"drawMode":0,"name":"Shaded","section":"Shading Mode"},"sceneLighting":false,"audioPlay":false,"sceneViewState":{"showFog":true,"showMaterialUpdate":false,"showSkybox":false,"showFlares":true,"showImageEffects":true,"showParticleSystems":true},"in2DMode":false,"pivot":{"x":-6.737092971801758,"y":-2.498027801513672,"z":-2.33255934715271},"rotation":{"x":0.6649984121322632,"y":-0.0033608078956604006,"z":0.0029923846013844015,"w":0.7468319535255432},"size":1.2247451543807984,"orthographic":false}