{"cameraMode":{"drawMode":0,"name":"Shaded","section":"Shading Mode"},"sceneLighting":true,"audioPlay":false,"sceneViewState":{"showFog":true,"showMaterialUpdate":false,"showSkybox":true,"showFlares":true,"showImageEffects":true,"showParticleSystems":true},"in2DMode":false,"pivot":{"x":70.745361328125,"y":0.5235677361488342,"z":164.35572814941407},"rotation":{"x":0.03988279029726982,"y":-0.016486115753650667,"z":0.0006577804451808333,"w":0.9990710020065308},"size":129.0406036376953,"orthographic":false}